OrderID,OrderTimestamp,StoreID,CustomerID,SKU,Quantity,UnitPrice,DiscountPct,LineTotal
500001,2026-07-20 09:35:00,102,60,NM-1002,4,199.00,5,756.20
500002,2026-07-20 19:04:00,106,37,NM-1010,5,18.00,0,90.00
500003,2026-07-20 21:06:00,105,6,NM-1002,2,199.00,0,398.00
500004,2026-07-20 10:23:00,108,41,NM-1013,3,22.50,0,67.50
500005,2026-07-20 17:40:00,105,45,NM-1012,2,15.00,0,30.00
500006,2026-07-20 14:17:00,104,11,NM-1006,5,29.99,5,142.45
500007,2026-07-20 20:20:00,101,15,NM-1008,3,45.00,0,135.00
500008,2026-07-20 19:20:00,102,14,NM-1013,3,22.50,10,60.75
500009,2026-07-20 10:16:00,107,57,NM-1007,4,34.95,5,132.81
500010,2026-07-20 14:57:00,105,48,NM-1005,2,24.99,10,44.98
500011,2026-07-20 15:05:00,104,9,NM-1013,3,22.50,10,60.75
500012,2026-07-20 20:43:00,103,41,NM-1002,1,199.00,0,199.00
500013,2026-07-20 17:29:00,102,25,NM-1014,5,21.99,5,104.45
500014,2026-07-20 18:56:00,101,44,NM-1009,5,19.99,0,99.95
500015,2026-07-20 10:29:00,102,19,NM-1009,3,19.99,5,56.97
500016,2026-07-20 21:40:00,103,33,NM-1001,3,79.99,0,239.97
500017,2026-07-20 20:10:00,104,10,NM-1010,5,18.00,0,90.00
500018,2026-07-20 09:59:00,106,32,NM-1001,5,79.99,0,399.95
500019,2026-07-20 17:05:00,104,4,NM-1012,3,15.00,0,45.00
500020,2026-07-20 20:08:00,102,49,NM-1003,4,49.50,10,178.20
500021,2026-07-20 21:38:00,103,17,NM-1005,4,24.99,10,89.96
500022,2026-07-20 14:42:00,104,46,NM-1014,2,21.99,0,43.98
500023,2026-07-20 11:04:00,108,8,NM-1012,4,15.00,0,60.00
500024,2026-07-20 08:04:00,104,38,NM-1011,1,89.99,0,89.99
500025,2026-07-20 21:21:00,102,58,NM-1002,2,199.00,0,398.00
500026,2026-07-20 11:34:00,104,18,NM-1003,5,49.50,5,235.12
500027,2026-07-20 20:26:00,108,16,NM-1005,5,24.99,5,118.70
500028,2026-07-20 13:27:00,102,43,NM-1007,1,34.95,5,33.20
500029,2026-07-20 08:25:00,101,44,NM-1014,4,21.99,0,87.96
500030,2026-07-20 16:28:00,104,13,NM-1011,1,89.99,0,89.99
500031,2026-07-20 11:55:00,103,18,NM-1005,4,24.99,5,94.96
500032,2026-07-20 21:00:00,102,4,NM-1003,4,49.50,10,178.20
500033,2026-07-20 15:13:00,103,27,NM-1003,2,49.50,5,94.05
500034,2026-07-20 14:16:00,103,25,NM-1013,1,22.50,0,22.50
500035,2026-07-20 18:45:00,107,45,NM-1015,3,4.50,10,12.15
500036,2026-07-20 08:37:00,104,19,NM-1016,2,12.99,0,25.98
500037,2026-07-20 15:32:00,101,4,NM-1002,3,199.00,10,537.30
500038,2026-07-20 09:38:00,102,55,NM-1006,1,29.99,0,29.99
500039,2026-07-20 11:37:00,107,8,NM-1003,2,49.50,10,89.10
500040,2026-07-20 17:33:00,102,27,NM-1002,5,199.00,10,895.50
500041,2026-07-20 11:16:00,104,43,NM-1011,3,89.99,0,269.97
500042,2026-07-20 20:59:00,105,30,NM-1013,2,22.50,0,45.00
500043,2026-07-20 09:04:00,108,40,NM-1003,1,49.50,10,44.55
500044,2026-07-20 09:56:00,105,9,NM-1007,5,34.95,0,174.75
500045,2026-07-20 21:34:00,105,11,NM-1008,3,45.00,5,128.25
500046,2026-07-20 12:59:00,101,43,NM-1010,5,18.00,10,81.00
500047,2026-07-20 19:35:00,105,8,NM-1004,2,39.99,0,79.98
500048,2026-07-20 19:21:00,105,39,NM-1005,3,24.99,0,74.97
500049,2026-07-20 09:40:00,108,17,NM-1007,3,34.95,0,104.85
500050,2026-07-20 20:08:00,101,1,NM-1014,3,21.99,0,65.97
500051,2026-07-20 16:00:00,108,36,NM-1009,2,19.99,5,37.98
500052,2026-07-20 21:23:00,103,35,NM-1004,1,39.99,0,39.99
500053,2026-07-20 13:57:00,103,3,NM-1005,4,24.99,0,99.96
500054,2026-07-20 18:06:00,104,44,NM-1002,3,199.00,0,597.00
500055,2026-07-20 11:55:00,107,40,NM-1012,5,15.00,0,75.00
500056,2026-07-20 19:59:00,107,2,NM-1006,2,29.99,0,59.98
500057,2026-07-20 20:44:00,104,18,NM-1011,4,89.99,0,359.96
500058,2026-07-20 11:12:00,101,55,NM-1004,4,39.99,5,151.96
500059,2026-07-20 11:01:00,105,53,NM-1015,3,4.50,0,13.50
500060,2026-07-20 20:17:00,106,18,NM-1007,4,34.95,0,139.80
500061,2026-07-20 13:01:00,107,44,NM-1012,5,15.00,10,67.50
500062,2026-07-20 08:06:00,103,38,NM-1004,3,39.99,0,119.97
500063,2026-07-20 16:07:00,106,28,NM-1014,3,21.99,10,59.37
500064,2026-07-20 19:27:00,104,17,NM-1013,5,22.50,0,112.50
500065,2026-07-20 09:42:00,104,24,NM-1001,5,79.99,5,379.95
